7271011833334695575,4766822042789337789
1603845676908946290,1880601410210536677
649022379454191587,9005232503615363294
8307476929061368928,8695998008003215885
415198592755583881,7237163843940910660
2771994004360431711,2548393002865268687
855847949486139480,8074982142388757666
4368396216489575511,5816906367660983088
5241222524765324079,5386578242114179356
2689133334725908824,6518148184035334843
2065653206472406604,7959225592993790732
7473157485898372762,9040475858699139962
8857339501000089937,8579251147311941682
1819531928126963687,8782802278850059097
7798654909692515255,8946924738440491140
