7271011833334695575,8189851504916064741
6797871240844365415,7858641005999398893
1603845676908946290,334804322869853539
649022379454191587,1293572857502839699
8307476929061368928,1239778894743531233
415198592755583881,
2771994004360431711,8356154693717730632
855847949486139480,7311393619091080367
4368396216489575511,4326504411627782578
5241222524765324079,5379124352966984072
2689133334725908824,8283372174172942399
2065653206472406604,
7473157485898372762,
8857339501000089937,
1819531928126963687,
7798654909692515255,
url,https://www.jaidrama.com/2023/04/akthireach-moha-meng.html
status,End
