7271011833334695575,5823680512747055974
6797871240844365415,
1603845676908946290,1751780872087743760
649022379454191587,6066565964380323024
8307476929061368928,8176931497195113057
415198592755583881,1506983619236142955
2771994004360431711,
855847949486139480,
4368396216489575511,
5241222524765324079,8877765747381012177
2689133334725908824,6872080607079069437
2065653206472406604,2597064868799601932
7473157485898372762,1242158572448359489
8857339501000089937,7051582385365756798
1819531928126963687,
7798654909692515255,
url,https://www.fantafilm.us/2023/04/kru-pet-chhlong-phop.html
status,Continue
