7271011833334695575,4322979047019187095
6797871240844365415,115985916921129353
1603845676908946290,6581952315019178229
649022379454191587,6635504936596474684
8307476929061368928,6999641389936654714
415198592755583881,445988469756709928
2771994004360431711,
855847949486139480,
4368396216489575511,
5241222524765324079,
2689133334725908824,8945026422328254105
2065653206472406604,7479537950790450972
7473157485898372762,2658801989255695987
8857339501000089937,7515331317291110180
1819531928126963687,4840707728498999261
7798654909692515255,
url,https://www.fantafilm.us/2022/10/mon-snae-reachny-ep83.html
status,End
