7271011833334695575,6997354330876867909
6797871240844365415,3087308757091890626
1603845676908946290,1578422284625133314
649022379454191587,4086194385857150583
8307476929061368928,6742128718598304407
415198592755583881,3713081408666102249
2771994004360431711,5450884206492507480
855847949486139480,3289851650173715072
4368396216489575511,2034890133918368136
5241222524765324079,1251405276713297577
2689133334725908824,388648519999367532
2065653206472406604,8035330949992769929
7473157485898372762,6502724601577745987
8857339501000089937,806816849749929415
1819531928126963687,7999464515123337698
7798654909692515255,8926566235194383403
url,https://www.video4khmer37.com/watch/khmer-thai-lakhon-continue/long-sne-srey-jas-part-01-video-2008733.html
status,End
