7271011833334695575,6061044378141052113
6797871240844365415,2356873401416780523
1603845676908946290,
649022379454191587,154843697848755199
8307476929061368928,1811294613399744534
415198592755583881,2823126624658644933
2771994004360431711,
855847949486139480,1352871413248387808
4368396216489575511,3767758863910740771
5241222524765324079,1504928515533247065
2689133334725908824,3772090005943252046
2065653206472406604,2168483463412749273
7473157485898372762,
8857339501000089937,
1819531928126963687,
7798654909692515255,
url,https://www.fantafilm.us/2022/11/mon-sne-lok-metheavy.html
status,Continue
