7271011833334695575,8324046210701878889
6797871240844365415,8046250049495126797
1603845676908946290,8316003719710235542
649022379454191587,4029467056127001389
8307476929061368928,2820616344996058498
415198592755583881,6221027255552011365
2771994004360431711,8185754896272233823
855847949486139480,4476638300039224575
4368396216489575511,769873717828057531
5241222524765324079,7944766752393393205
2689133334725908824,3036416281599679748
2065653206472406604,1003910311517374297
7473157485898372762,4003849045109675922
8857339501000089937,6966074185603614620
1819531928126963687,9141303836089090599
7798654909692515255,2198673421066416101
url,https://www.video4khmer37.com/title/burning-jealously-album-12362-page-1.html
status,Continue
