7271011833334695575,6016820859014762986
6797871240844365415,4577054141982174032
1603845676908946290,7434741785029846778
649022379454191587,4441742256160073232
8307476929061368928,6561516277285317352
415198592755583881,4097014556049624144
2771994004360431711,1975534108572029491
855847949486139480,5469955777610086390
4368396216489575511,2750691393628699640
5241222524765324079,1616512873745540115
2689133334725908824,
2065653206472406604,
7473157485898372762,
8857339501000089937,
1819531928126963687,89474061722119445
7798654909692515255,2173208919013526224
url,https://www.video4khmer37.com/title/thai-lakhon-kompul-jor-srey-pka-sor-album-12128-page-1.html
status,Continue
