7271011833334695575,6674306640842923593
6797871240844365415,2533169291928098414
1603845676908946290,
649022379454191587,5071229018171941596
8307476929061368928,3712075344261718775
415198592755583881,6388447033362821733
2771994004360431711,
855847949486139480,
4368396216489575511,
5241222524765324079,
2689133334725908824,84022979745588690
2065653206472406604,2870744646935808067
7473157485898372762,8728318187452785265
8857339501000089937,2876077635236180878
1819531928126963687,6905467708691807424
7798654909692515255,
url,https://www.video4khmer37.com/title/khmer-korean-drama-bopha-3-torng-album-11146-page-1.html
status,Continue
