7271011833334695575,3492839459667398897
6797871240844365415,366158223682454376
1603845676908946290,459813238066215418
649022379454191587,7114023141656349303
8307476929061368928,3920339327064642267
415198592755583881,
2771994004360431711,
855847949486139480,
4368396216489575511,
5241222524765324079,2146227213931051876
2689133334725908824,1817260061433777113
2065653206472406604,8521713236501401070
7473157485898372762,3149945998065379844
8857339501000089937,8862342004188125330
1819531928126963687,
7798654909692515255,
url,https://www.video4khmer37.com/title/thai-lakhon-entnu-prae-por-album-10873-page-1.html
status,Continue
