7271011833334695575,7569227898506568651
6797871240844365415,2702648774147544878
1603845676908946290,7446826883953116549
649022379454191587,1724069260497813678
8307476929061368928,7990045165365228160
415198592755583881,
2771994004360431711,
855847949486139480,
4368396216489575511,
5241222524765324079,4774007356898649320
2689133334725908824,5150263332660932250
2065653206472406604,518368735407435522
7473157485898372762,1803204618856270033
8857339501000089937,6679879054642216598
1819531928126963687,
7798654909692515255,
url,https://www.fantafilm.us/2023/01/akthik-reach-moha-ming.html
status,Continue
