7271011833334695575,2652333655603249764
6797871240844365415,
1603845676908946290,5327508222020915801
649022379454191587,3292469713640099621
8307476929061368928,3926601470252030899
415198592755583881,2019145219350459097
2771994004360431711,4338193322632071442
855847949486139480,
4368396216489575511,
5241222524765324079,
2689133334725908824,2146411175662656793
2065653206472406604,4551020540502815484
7473157485898372762,6038737262134362814
8857339501000089937,6285672537980694168
1819531928126963687,1496404057424930194
7798654909692515255,
url,https://www.fantafilm.us/2022/10/mohachta-sneh-season-xii-08-end.html
status,End
