7271011833334695575,6688231600743720444
6797871240844365415,3946336807075904065
1603845676908946290,4997430875449111580
649022379454191587,2905844550247805538
8307476929061368928,7513158062720759176
415198592755583881,
2771994004360431711,
855847949486139480,
4368396216489575511,
5241222524765324079,
2689133334725908824,2349683442349276615
2065653206472406604,8944376210358139398
7473157485898372762,4690502009442360413
8857339501000089937,8511922071328023467
1819531928126963687,8116860661054663621
7798654909692515255,
url,https://www.video4khmer37.com/title/khmer-lakhon-prohok-srer-sne-khnom-album-12095-page-1.html
status,Continue
