7271011833334695575,7152876938412291772
6797871240844365415,2498530660910702369
1603845676908946290,4022613185531437291
649022379454191587,6085341406116368536
8307476929061368928,
415198592755583881,5289667530013513515
2771994004360431711,722739741203030889
855847949486139480,8760126951030629542
4368396216489575511,4491156067551267493
5241222524765324079,5733378460676131694
2689133334725908824,5709982769213890974
2065653206472406604,6729626190401760875
7473157485898372762,1333450927992290793
8857339501000089937,8643917101088240159
1819531928126963687,1609205673751770901
7798654909692515255,6142876261825577577
url,https://www.towndramahd.com/2023/05/sne-khos-than-runhjuoy-proethepi.html
status,Continue
