7271011833334695575,8735249474003914653
6797871240844365415,
1603845676908946290,985664925898623110
649022379454191587,1983933672887537031
8307476929061368928,7436112027688083408
415198592755583881,2241617092891341817
2771994004360431711,
855847949486139480,
4368396216489575511,2706469831843007882
5241222524765324079,3348973916807166492
2689133334725908824,363961512890781024
2065653206472406604,4742813921646263676
7473157485898372762,3312572984539126747
8857339501000089937,
1819531928126963687,
7798654909692515255,
url,https://www.video4khmer36.com/watch/khmer-thai-lakhon-continue/chet-pikheat-part-28-video-1648792.html
status,Continue
