7271011833334695575,3050632478794255807
6797871240844365415,101113109872553863
1603845676908946290,4688036968682850230
649022379454191587,8092214088053466892
8307476929061368928,2535641006712355535
415198592755583881,544315341138044361
2771994004360431711,3776178383771690251
855847949486139480,7150833673416482639
4368396216489575511,3600591381348037410
5241222524765324079,4274636783999231606
2689133334725908824,8582491751902030476
2065653206472406604,4591204493350372502
7473157485898372762,8888548586940910668
8857339501000089937,2678187830856406058
1819531928126963687,291255895642916574
7798654909692515255,7356717447966504987
url,https://www.video4khmer37.com/title/besdong-kork-kdao-album-12520-page-1.html
status,Continue
