7271011833334695575,7967251997822309642
6797871240844365415,5418055938545558382
1603845676908946290,8791895838221005130
649022379454191587,8037138801513763636
8307476929061368928,7495593116070513273
415198592755583881,329950152961094734
2771994004360431711,
855847949486139480,
4368396216489575511,
5241222524765324079,
2689133334725908824,584252410337600219
2065653206472406604,5742587648316430150
7473157485898372762,2822300061464413295
8857339501000089937,2997058601244515143
1819531928126963687,9197023413600763260
7798654909692515255,
url,https://www.video4khmer37.com/title/thai-lakhon-pka-sne-poar-sichumpooh-album-12264-page-1.html
status,End
