7271011833334695575,3213359129861498499
6797871240844365415,1048033002714379463
1603845676908946290,
649022379454191587,4913841026888704042
8307476929061368928,7588588229040254327
415198592755583881,6585264587867177522
2771994004360431711,
855847949486139480,
4368396216489575511,
5241222524765324079,2204921057436631874
2689133334725908824,4195436786698269215
2065653206472406604,3693374074489913705
7473157485898372762,8810148909774654481
8857339501000089937,5501129283839097057
1819531928126963687,
7798654909692515255,
url,https://www.fantafilm.us/2022/12/neak-serb-kar-srey-thean-sanchhi.html
status,Continue
