7271011833334695575,7590785321896847410
6797871240844365415,3034411523702775753
1603845676908946290,1610747878468254121
649022379454191587,1202042380576532385
8307476929061368928,6195687758249121027
415198592755583881,
2771994004360431711,
855847949486139480,
4368396216489575511,
5241222524765324079,
2689133334725908824,
2065653206472406604,
7473157485898372762,
8857339501000089937,
1819531928126963687,
7798654909692515255,
url,https://www.sundaydrama.com/2023/04/domnok-chheam-neak-klahan.html
status,Continue
