7271011833334695575,8706223389331069467
6797871240844365415,2306728947466467296
1603845676908946290,
649022379454191587,3816889957734320334
8307476929061368928,5505346770106655194
415198592755583881,3972210022364164929
2771994004360431711,
855847949486139480,
4368396216489575511,
5241222524765324079,6299652893817508155
2689133334725908824,1145224386640655744
2065653206472406604,1748662156037650380
7473157485898372762,1383841257598983585
8857339501000089937,832864897367307603
1819531928126963687,
7798654909692515255,
url,https://www.video4khmer37.com/title/khmer-chinese-drama-pelvehlear-banhjeak-chomnorng-sneah-album-10793-page-1.html
status,Continue
