7271011833334695575,1495869166392540692
6797871240844365415,
1603845676908946290,5069257931562443923
649022379454191587,6452383419243995172
8307476929061368928,4468647722022174396
415198592755583881,8758592733102746417
2771994004360431711,
855847949486139480,
4368396216489575511,
5241222524765324079,
2689133334725908824,
2065653206472406604,
7473157485898372762,2200459422916327920
8857339501000089937,5153879723996099534
1819531928126963687,5323542386611307527
7798654909692515255,8175833509167556803
url,https://www.video4khmer36.com/watch/khmer-thai-lakhon-continue/chamreang-sne-kanha-erk-part-05-video-1658546.html
status,Continue
