7271011833334695575,8280645463716676597
6797871240844365415,491707112494069
1603845676908946290,8548954581929824482
649022379454191587,2178630326930281440
8307476929061368928,6616550982483726701
415198592755583881,
2771994004360431711,
855847949486139480,
4368396216489575511,
5241222524765324079,
2689133334725908824,
2065653206472406604,6624877538591142308
7473157485898372762,5499006043938556720
8857339501000089937,1017390031114690995
1819531928126963687,7010496606869393427
7798654909692515255,281931921716821806
url,https://www.video4khmer36.com/watch/khmer-korean-drama/om-nach-toekpraak-part-04-video-1645070.html
status,Continue
