7271011833334695575,108813812390342075
6797871240844365415,2577371221611520353
1603845676908946290,8220553952280933708
649022379454191587,9120694507052747972
8307476929061368928,4020099482286175620
415198592755583881,
2771994004360431711,
855847949486139480,
4368396216489575511,
5241222524765324079,
2689133334725908824,7724192602100997986
2065653206472406604,7384616024748092595
7473157485898372762,8324809787426015402
8857339501000089937,7329594765338764091
1819531928126963687,7725067649587885669
7798654909692515255,
url,https://www.video4khmer37.com/title/thai-lakhon-veayo-phat-doung-pkay-album-12277-page-1.html
status,Continue
