7271011833334695575,7354258636767178160
6797871240844365415,
1603845676908946290,
649022379454191587,367511741450468012
8307476929061368928,7871651278634502163
415198592755583881,3022383163972098682
2771994004360431711,3572482403826337282
855847949486139480,
4368396216489575511,
5241222524765324079,2102881501499525833
2689133334725908824,5634782291006462438
2065653206472406604,274813666153292780
7473157485898372762,310463366190299550
8857339501000089937,5900582205403413306
1819531928126963687,
7798654909692515255,
url,https://www.video4khmer37.com/title/khmer-lakhon-sromoul-pkay-album-11190-page-1.html
status,End
