7271011833334695575,4498087666543905711
6797871240844365415,1306517198099826601
1603845676908946290,
649022379454191587,8207130046197588845
8307476929061368928,5080618813397562019
415198592755583881,7091827349526304729
2771994004360431711,8306412296046965037
855847949486139480,5847815054408349462
4368396216489575511,5416126999472648439
5241222524765324079,6888406939038405183
2689133334725908824,3520164984353629995
2065653206472406604,6403060108910732170
7473157485898372762,3011608062634678848
8857339501000089937,8851530002858325608
1819531928126963687,8318560632459965279
7798654909692515255,3280690136785019608
url,https://www.fantafilm.us/2022/10/sne-os-sdongkut.html
status,Continue
