7271011833334695575,8028456307716087400
6797871240844365415,149405044135973731
1603845676908946290,4905149037184221109
649022379454191587,7001778657287736931
8307476929061368928,7333302309684674805
415198592755583881,
2771994004360431711,
855847949486139480,
4368396216489575511,5337123666465340805
5241222524765324079,5534156585539372645
2689133334725908824,3391446299095177601
2065653206472406604,3719545450449757070
7473157485898372762,1049305271798262823
8857339501000089937,
1819531928126963687,
7798654909692515255,
url,https://www.fantafilm.us/2023/04/phyus-pleang-korng-sontisok.html
status,Continue
