7271011833334695575,6812080556746144912
6797871240844365415,6100441469477777181
1603845676908946290,602728940285985068
649022379454191587,2301177289007805254
8307476929061368928,2416508171060218518
415198592755583881,
2771994004360431711,
855847949486139480,
4368396216489575511,
5241222524765324079,6257120085739337778
2689133334725908824,1519021191119552488
2065653206472406604,6139770041285021241
7473157485898372762,5490688066945795671
8857339501000089937,8440198624844609962
1819531928126963687,
7798654909692515255,
url,https://www.video4khmer37.com/title/khmer-chinese-drama-krom-song-kruos-knong-pnuok-plerng-album-12240-page-1.html
status,Continue
