7271011833334695575,1770385087950237088
6797871240844365415,4012814612050354713
1603845676908946290,7838547945767821602
649022379454191587,8780766615770755559
8307476929061368928,2663349840960668811
415198592755583881,
2771994004360431711,
855847949486139480,
4368396216489575511,
5241222524765324079,
2689133334725908824,5701740706867784655
2065653206472406604,1028264752888649617
7473157485898372762,9098825943048805720
8857339501000089937,9155371095519129796
1819531928126963687,6899331676868594148
7798654909692515255,
url,https://www.video4khmer37.com/title/khmer-chinese-drama-rik-reay-thmey-album-12324-page-1.html
status,End
