7271011833334695575,4978935006886448457
6797871240844365415,2945345804962052679
1603845676908946290,8888463895340902002
649022379454191587,4422100388219231180
8307476929061368928,7698168435358845337
415198592755583881,
2771994004360431711,
855847949486139480,
4368396216489575511,
5241222524765324079,5022449267072967443
2689133334725908824,9129278471262866964
2065653206472406604,9164976301285167028
7473157485898372762,4519915285642040000
8857339501000089937,82496290742998725
1819531928126963687,
7798654909692515255,
url,
status,Continue
